{
  "project_info": {
    "project_number": "846477487239",
    "project_id": "nueorotineappdatabase",
    "storage_bucket": "nueorotineappdatabase.appspot.com"
  },
  "client": [
    {
      "client_info": {
        "mobilesdk_app_id": "1:846477487239:android:6c93b66d6ab032882ddc22",
        "android_client_info": {
          "package_name": "com.example.nueorotoneapp"
        }
      },
      "oauth_client": [
        {
          "client_id": "846477487239-qbog2ijmfcc17doave6f49bn3449rogt.apps.googleusercontent.com",
          "client_type": 3
        }
      ],
      "api_key": [
        {
          "current_key": "AIzaSyB_STyKpgU9fC5HNP2_TUmzQXBOD0DSC0A"
        }
      ],
      "services": {
        "appinvite_service": {
          "other_platform_oauth_client": [
            {
              "client_id": "846477487239-qbog2ijmfcc17doave6f49bn3449rogt.apps.googleusercontent.com",
              "client_type": 3
            }
          ]
        }
      }
    }
  ],
  "configuration_version": "1"
}