{
  "project_info": {
    "project_number": "495753235750",
    "firebase_url": "https://neuroutinetest-default-rtdb.firebaseio.com",
    "project_id": "neuroutinetest",
    "storage_bucket": "neuroutinetest.appspot.com"
  },
  "client": [
    {
      "client_info": {
        "mobilesdk_app_id": "1:495753235750:android:080efc7ce35ab9d52685e7",
        "android_client_info": {
          "package_name": "com.example.harrisonsettings"
        }
      },
      "oauth_client": [
        {
          "client_id": "495753235750-8ue6d4c9n69j1na6a5ve1fpse3a10ve3.apps.googleusercontent.com",
          "client_type": 1,
          "android_info": {
            "package_name": "com.example.harrisonsettings",
            "certificate_hash": "a1ab06deae4d694e86490a9132795477b6b7e393"
          }
        },
        {
          "client_id": "495753235750-9l3hip5tf8uehfbgnhbtkeaahnfgjcni.apps.googleusercontent.com",
          "client_type": 3
        }
      ],
      "api_key": [
        {
          "current_key": "AIzaSyDXA3SuW6xQ-pu_XCdRq6ZD6r758O7HU80"
        }
      ],
      "services": {
        "appinvite_service": {
          "other_platform_oauth_client": [
            {
              "client_id": "495753235750-9l3hip5tf8uehfbgnhbtkeaahnfgjcni.apps.googleusercontent.com",
              "client_type": 3
            }
          ]
        }
      }
    }
  ],
  "configuration_version": "1"
}